Turno	Son/Alabado	Autor	Dirección	Lat	Lng	Tipo
Honor Salida	Himno a la Asunción	José Cubeles / Arr. Luis Pirir	Del interior del templo a la 5ta. calle sobre la 7ma. avenida zona 2	14.64993	-90.51049	ida
	Las Tortugas	José Cupertino				
	La Granadera	D.R.A				
	Manzanilla	Rafael Juárez Toledo				
	Neblina	José Domingo Velásquez				
Turno 2	Najij Noj	Nazario Rucal	De la 5ta. calle a la 4ta. calle sobre la 7ma. avenida zona 2	14.64982	-90.51049	ida
Turno 3	El Gato Montes	Manuel Penella Moreno	De la 7ma. avenida a la 8va. avenida sobre la 4ta. calle zona 2	14.648963	-90.51049	ida
Turno 4	El Enfrascade	José De León	De la 4ta. calle a la 3era. calle sobre la 8va. avenida zona 2	14.648963	-90.509176	ida
Turno 5	El Jute	Alfredo Dávila Rendón	De 8va. avenida a la 7ma. avenida sobre la 3era. calle de la zona 2	14.648106	-90.509176	ida
Turno 6	Patzún de mis recuerdos	Reginaldo Melgar	De la 3era. calle a la 2da. calle sobre la 7ma. avenida zona 2	14.648106	-90.51049	ida
Turno 7	El Poder del amor	Mons. Joaquín Santa María y Vigil	De la 2da. calle a la 1era. calle sobre la 7ma. avenida zona 2	14.647249	-90.51049	ida
Turno 8	El Buey y la Mula	Federico García	De la 1era. calle zona 2 a la 1era. calle zona 1 sobre la 7ma. avenida zona 2	14.646392	-90.51049	ida
	A Orillas del Panajachel	Everardo De León				
Turno 9	Mi bella Guatemala	German Alcántara	De la 1era. calle a la 2da. calle sobre la 7ma. avenida zona 1	14.646092	-90.51275	ida
Turno 10	Barras y Estrellas	John Philip Sousa	De la 7ma. avenida a la 6ta. avenida sobre la 2da. calle de la zona 1	14.645235	-90.51275	ida
	Mi linda María	Adrian Tzul				
Turno 11	La Sandunga	Máximo Ramón Ortiz	De la 6ta. avenida a la 5ta. avenida sobre la 2da. calle zona 1	14.645235	-90.514064	ida
Turno 12	Salve Emperatriz de America	Carlos Echigoyen	De la 5ta. avenida a la 4ta. avenida sobre la 2da. calle zona 1	14.645235	-90.515378	ida
Turno 13	Llegarás a Quererme	Salomón Argueta	De la 4ta. avenida a la 3era. avenida sobre la 2da. calle zona 1	14.645235	-90.516693	ida
	España Cañí	Pascual Marquina Narro				
Turno 14	Sal Negra	Juan Hernández	De la 2da. calle a la 3era. calle sobre la 3era. avenida zona 1	14.645235	-90.518007	ida
	Ave María	Fray Miguel Murcia				
Turno 15	Añoranzas	Wotzbelí Aguilar	De la 3era. avenida a la 4ta. avenida sobre la 3era. calle zona 1	14.644378	-90.518007	ida
	Asunción Bendita	Cristian González Ajín				
Turno 16	Nereidas	Amador Pérez	De la 4ta. avenida a la 5ta. avenida sobre la 3era. calle zona 1	14.644378	-90.516693	ida
Turno 17	Quincho Barrilete	Carlos Mejía Godoy	De la 3era. calle a la 4ta. calle sobre la 5ta. avenida zona 1	14.644378	-90.515378	ida
	Rio Polochic	Rodolfo Chavarria				
Turno 18	El Pavo Real	Julio Anibal Delgado	De la 4ta. calle a la 5ta. calle sobre la 5ta. avenida zona 1	14.643521	-90.515378	ida
	Santiaguito	Domingo Bethancourt				
Turno 19	El Rey Quiche	Daniel Hurtado	De la 5ta. avenida a la 6ta. avenida sobre la 5ta. calle zona 1	14.642664	-90.515378	ida
Turno 20	Callejuela de la O	Paco Lola	De la 6ta. avenida a la 7ma. avenida sobre la 5ta. calle zona 1	14.642664	-90.514064	ida
	La Virgen de la Feria	Samuel Pascual				
Turno 21	Salve Rociera	Manuel Pareja Obregón	De la 5ta. calle a la 6ta. calle sobre la 7ma. avenida zona 1	14.642664	-90.51275	ida
Honor Entrada Catedral	El Grito	José Ernesto Monzón	De la 6ª calle y 7ª avenida al interior de la Catedral	14.641483	-90.512046	ida
	Granadera	Ramón González				
	Ixtia Chimalteca	Felipe Ávila				
	Ave María	Giulio Caccini				
Honor Salida Catedral	Himno de la Asunción	José Cubeles/Arr. Luis Pirir	Del interior de la Catedral a la 7ª avenida y 8ª calle, zona 1	14.640093	-90.51275	ida
	La Sanjuanerita	José Ernesto Monzón				
	Granadera	Ramón González				
	El Costumbro	Disiderio Gallardo Ruiz				
Extraordinario Portal del Comercio	Ave María	Franz Schubert	De la 7ª avenida a la 6ª avenida sobre la 8ª calle, zona 1	14.640093	-90.514064	ida
	El Jilguero	Juan Hernández				
Turno 25	La Esperanza de María	Alejandro Blanco	De la 8ª a la 9ª calle sobre la 6ª avenida zona 1	14.639236	-90.514064	ida
	¡Reina!	José Miguel López Rueda				
Turno 26	Tennis Club	Rocael Hurtado	De la 9ª a la 10ª calle sobre la 6ª avenida zona 1	14.638379	-90.514064	ida
Turno 27	Linda Shecanita	Alejandro Orozco	De la 10ª a la 11ª calle sobre la 6ª avenida zona 1	14.637522	-90.514064	ida
	La Cofradía de San Pedro	Arr. Samuel Pascual				
Turno 28	Coty Diaz	Raymundo Díaz Rivera	De la 11 a la 12 calle sobre la 6ª avenida zona 1	14.636665	-90.514064	ida
Turno 29	Martin Cola	Victor Manuel Lara	De la 12 calle a la 13 calle sobre la 6ª avenida zona 1	14.635763	-90.514064	ida
Extraordinario San Francisco	San Francisco de Asís	Froilán Rodas	De la 6ta. avenida y 13 calle al portico principal del Templo de San Francisco	14.635763	-90.51275	ida
	La Granadera	D.R.A				
	Pues Concebida	Canto Popular				
Turno 31	Cofradía de la Inmaculada Concepción	Samuel Pascual	De la 6ta. avenida a la 7ma. avenida sobre la 13 calle zona 1	14.636665	-90.51275	ida
	El Sembrador	Lester Homero Godínez				
Turno 32	Nos Amaremos en Abril	Marco Antonio Barrios	De la 13 calle a la 12 calle sobre la 7ª avenida, zona 1	14.636665	-90.511435	ida
Extraordinario Arco de Correos	La Quema del Diablo	Rafael Juárez Toledo	De la 7ª a la 8ª avenida sobre la 12 calle zona 1	14.636665	-90.510121	ida
	Un vals para la Reina del Cielo	Luis Pirir				
Turno 34	El Carbonero	Francisco Lara	De la 8ª a la 9ª avenida sobre la 12 calle zona 1	14.636665	-90.508806	ida
Turno 35	Cunen en fiesta	Rafael Ibarra Ávila	De la 9ª a la 10ª avenida sobre la 12 calle zona 1	14.636665	-90.507492	ida
Turno 36	Flor del Café	Germán Alcántara	De la 10ª a la 11ª avenida sobre la 12 calle zona 1	14.636665	-90.506178	ida
Turno 37	Sobre las olas	Juventino Rosas	De la 11 a la 12 avenida sobre la 12 calle zona 1	14.637522	-90.506178	ida
Turno 38	Reina y Madre	Waldir Edinilson Contreras Pedroza	De la 12 a la 11 calle sobre la 12 avenida zona 1	14.637522	-90.506178	regreso
Extraordinario Santo Domingo	El Cacique Dormido	Domingo Bethancourt	De la 11 calle al atrio del templo de Santo Domingo sobre la 12 avenida zona 1	14.638379	-90.506178	regreso
	El Niño del Santisimo	Raymundo Díaz				
	Himno al Rosario	Fray María Francisco				
	La Granadera	D.R.A				
Turno 40	Himno a la Coronación Pontificia	Miguel Zaltrón	Del atrio del Templo de Santo Domingo a la 10ma. calle sobre la 12 avenida zona 1	14.638379	-90.507492	regreso
	Santo Domingo de Guzmán	Wilver Hernandez				
Turno 41	La Feria de las Flores	Jesús Monge	De la 12 avenida a la 11 avenida sobre la 10ma. calle zona 1	14.639236	-90.507492	regreso
	Migdalia Azucena	Gumercindo Palacios				
Turno 42	San José Carpintero, Carpintero.	Samuel Pascual	De la 10ma. calle a la 9na. calle sobre la 11 avenida zona 1	14.639871	-90.507755	regreso
	La Danza de los Venados	Rafael Juárez Toledo				
Extraordinario Parque Colón	La Quebrada	Lester Godínez	De la 9na. calle a la 8va. calle sobre la 11 avenida zona 1	14.64095	-90.507492	regreso
	Maricumbia	Julio Anibal Delgado				
Turno 44	Son de la Patroncita	Wilver Hernandez	De la 8va. calle a la 7ma. calle sobre la 11 avenida, zona 1	14.642677	-90.507492	regreso
Turno 45	Las Chiapanecas	Bulmaro López	De la 7ma. calle a la 5ta. calle sobre 11 avenida zona 1	14.643521	-90.507492	regreso
	Dogma	Yarol Cur / Arr. Samuel Pascual				
Extraordinario La Merced	Caridad de Guadalquivir	Paco Lola	De la 5ª calle a la 4ª calle sobre la 11 avenida zona 1	14.643521	-90.508806	regreso
	Lain Nebaj	Rafael Juárez Toledo				
Turno 47	El Danubio Azul	Johann Strauss	De la 11 avenida a la 10ma. avenida sobre la 4ta. calle zona 1	14.643521	-90.510121	regreso
	Inmaculada Virgen María	Hector Gómez Barillas				
Turno 48	Cuando el indio llora	José María Mejía	De la 10ma. avenida a la 9na. avenida sobre la 4ta. calle zona 1	14.644483	-90.51051	regreso
Extraordinario Santa Teresa	Virgen del Carmen	Byron Santizo	De la 9na. avenida a la 8va. avenida sobre la 4ta. calle zona 1	14.642664	-90.511435	regreso
	Tsio Ti	Lester Godínez				
Turno 50	Recuerdos de un amigo	Belarmino Molina	De la 4ta. calle a la 5ta. calle sobre la 8va. avenida zona 1	14.641807	-90.511435	regreso
Turno 51	Hermosa Doncella	Luciano Jimenez	De la 5ta. calle a la 6ta. calle sobre la 8va. avenida zona 1	14.641807	-90.51275	regreso
Turno 52	Ferrocarril de los Altos	Domingo Bethancourt	De la 8va. avenida a la 7ma. avenida sobre la 6ta. calle zona 1	14.642919	-90.513067	regreso
	Maria Luisa I	Enrique Castro				
Palacio Nacional	El Sembrador	Lester Homero Godínez	De la 7ma. avenida a la 6ta. avenida sobre la 6ta. calle zona 1	14.642664	-90.514064	regreso
	La Gloria del Pueblo	Felix de Carboneras				
Turno 54	La caída del Sol	Santiago Cruz	De la 6ta. calle a la 5ta. calle sobre la 6ta. avenida zona 1	14.643521	-90.514064	regreso
Turno 55	Golosinas de Amatitlan	Carlos Morales	De la 5ta. calle a la 4ta. calle sobre la 6ta. avenida de la zona 1	14.644378	-90.514064	regreso
	Inmaculada Virgen María	Hector Gómez Barillas				
Turno 56	Mi Catochita	Manolo Fernandez	De la 4ta. calle a la 3era. calle sobre la 6ta. avenida zona 1	14.646192	-90.512585	regreso
	La Patrona de mi pueblo	Carlos Alfonso Colindres				
Extraordinario San Sebastián	Herencia de Abuelos	Oscar Ajín	De la 3ra. calle a la 2da. calle sobre la 6ta. avenida de la zona 1	14.646392	-90.514064	regreso
	La Chirimía	Alejandro Orozco				
Turno 58	Virgen de Morenos	Luis Ortiz	De la 2da. calle zona 1 a la 1era. calle zona 2 sobre la 6ta. avenida	14.647249	-90.514064	regreso
	Luna de Xelaju	Francisco Pérez				
Turno 59	Ave María	William Gómez	De la 1era. calle a la 2da calle sobre la 6ta. avenida zona 2	14.647249	-90.515378	regreso
Turno 60	Danzón	Belarmino Molina	De la 6ta. avenida a la 5ta. avenida sobre la 2da. calle zona 2	14.648106	-90.515378	regreso
	San Bartolo	Gabriel Hurtado				
Turno 61	Noches de Escuintla	María del Tránsito Barrios	De la 2da. calle a la 3era. calle sobre la 5ta. avenida zona 2	14.648963	-90.515378	regreso
	Callecitas de San Marcos	Carlos Enrique Arango				
Turno 62	Un día de amor	José María Girón	De la 3era. calle a la 4ta. calle sobre la 5ta. avenida zona 2	14.64982	-90.515378	regreso
	Santo Domingo Xenacoj	Elpidio Cano				
Turno 63	Corpus Meum	José Luis Gónzalez	De la 4ta. calle a la 5ta. calle sobre la 5ta. avenida zona 2	14.64982	-90.512743	regreso
	Amanecer	Lester Homero Godínez				
Turno 64	Reina de Reyes	Alejandro Blanco	De la 5ta. avenida a la Avenida Simeón Cañas sobre la 5ta. calle zona 2	14.648106	-90.512743	regreso
	Reina Celestial	Fredy Sajmolo				
Extraordinario Jocotenango 1	Noche de Luna Entre Ruinas	Mariano Valverde	De la 5ta. calle a la 3era. calle sobre la Avenida Simeón Cañas zona 2	14.648106	-90.511616	regreso
	La Despedida	Oscar Ajin				
Turno 66	Vals No. 2	Dimitri Shostakovich	De la Avenida Simeón Cañas a la 6ta. avenida A sobre la 3era. calle zona 2	14.64982	-90.511616	regreso
Extraordinario Jocotenango 2	Vuela Quetzal, Vuela	Oscar Ajín	De la 3era. calle a la 5ta. calle sobre la 6ta. avenida A zona 2	14.64982	-90.512743	regreso
	La Esperanza de María	Alejandro Blanco				
Turno 68	Señora y Niña Mía	Cristian González Ajín	De la 6ta. avenida A a la Avenida Simeón Cañas sobre la 5ta. calle zona 2	14.650677	-90.512743	regreso
Turno 69	Bajo el cielo azul	Froilán Rodas Santizo	De la 5ta. calle a la 6ta. calle sobre la Avenida Simeón Cañas zona 2	14.651534	-90.512743	regreso
	El Carpintero	Antonio Mendoza				
Turno 70	Vamos torito a bailar	Marvin Escobar	De la 6ta. calle a la 7ma. calle sobre la Avenida Simeón Cañas zona 2	14.651534	-90.51049	regreso
	Blanca Azucena	Miguel Gómez				
Turno 71	Alejandra	Enrique Mora	De la Avenida Simeón Cañas a la 7ma. avenida sobre la 7ma. calle zona 2	14.650677	-90.51049	regreso
Turno 72	Noche Buena	Salvador Iriarte	De la 7ma. calle a la 6ta. calle sobre la 7ma. avenida zona 2	14.64993	-90.51049	regreso
Honor Entrada	La Danza de los Venados	Rafael Juárez Toledo	De la 6ta. calle y 7ma. avenida zona 2 al dosel del templo	14.64993	-90.51049	regreso
	La Quema del Diablo	Rafael Juárez Toledo				
	La Granadera	D.R.A				
	Salve, Nuestra Señora	Yarol Cur / Arre. Pablo Daniel Díaz				
	Himno de la Asunción	José Cubeles/Arr. Luis Pirir				
	Toritos					
	Cuando cae la lluvia					
	Mi Lupita					
	Toritos Concepción Tutuapa					
	Colonia Montreal					
	Maricumbia					
	Chichicastenango					
